Method,Carbon_%,Cost_%,Peak_%,Ramping,Load_Factor,Avg_Peak,Annual_Peak,Net_Consumption
Meta-RL,5.327253675284899,6.2259959387496435,1.0138104656742382,0.15168411470186619,1.0168248556012591,0.9565457486084784,0.9898618953432576,0.9473685076760063
Standard RL,1.0175436778103117,1.0465447691445369,1.708750754674539,0.004380974055530269,0.9977528654818693,0.9895205490678096,0.9829124924532546,0.9891430748049126
RBC,-8.759423758781146,-8.935118520371644,-5.866131167207035,0.0,0.9901866975623163,1.0822566258779869,1.0586613116720702,1.0878472240051376
