Building,RL_Reward,MetaRL_Reward,Reward_Diff,RL_Cost,MetaRL_Cost,Cost_Diff,RL_Emissions,MetaRL_Emissions,Emissions_Diff
Building_1,-0.8085662920811449,-0.7761316865341001,0.032434605547044804,0.0,0.0,0.0,0.0,0.0,0.0
Building_2,-0.8090314182457665,-0.7677436303416341,0.041287787904132456,0.0,0.0,0.0,0.0,0.0,0.0
Building_3,-0.8116522088784677,-0.790902853957509,0.02074935492095864,0.0,0.0,0.0,0.0,0.0,0.0
