Building,RL_Avg_Reward,MetaRL_Avg_Reward,Difference,RL_Q_Std,MetaRL_Q_Std,Action_Difference,Reward_Std,RL_Cost,MetaRL_Cost,Cost_Diff,RL_Emissions,MetaRL_Emissions,Emissions_Diff
Building_1,-0.8035554658758801,-0.7907916884075404,0.012763777468339677,0.030381175,0.113854334,0.865,0.09348474566384128,135.63799818725946,186.13799818725946,50.5,797.3943927816279,1462.3160012464207,664.9216084647928
Building_2,-0.7897688397281315,-0.7808111792505598,0.008957660477571738,0.033773605,0.09754104,0.8472727272727273,0.13672523366337705,130.72891463739248,178.22891463739248,47.5,952.8717151305204,1564.3059541327016,611.4342390021811
Building_3,-0.8215369627138062,-0.8024324710578895,0.019104491655916656,0.03408517,0.12054892,0.8445454545454546,0.11603701175174487,124.4737128800217,179.4737128800217,55.000000000000014,846.7898447440577,1568.2510479027078,721.46120315865
Building_4,-0.7900930897303824,-0.7851245767193049,0.00496851301107748,0.032653354,0.09573221,0.8504545454545455,0.1041680548647191,96.50982687977252,178.00982687977253,81.50000000000001,811.0942624231755,1411.5439437627347,600.4496813395592
Building_5,-0.6795714500151929,-0.6610584906311495,0.018512959384043404,0.03153346,0.12874791,0.9027272727272727,0.1095311977541962,74.70198844303152,188.70198844303152,114.0,388.4893225217861,1271.869831826356,883.3805093045698
Building_6,-0.8619010695953615,-0.8467167592147061,0.015184310380655375,0.031151537,0.13941373,0.884090909090909,0.10863187408198564,112.57199383687491,194.57199383687492,82.00000000000001,589.4678630219867,1415.0013098940994,825.5334468721128
