Building,RL_Q_Mean,RL_Q_Std,MetaRL_Q_Mean,MetaRL_Q_Std
Building_1,-0.060229816,0.030381175,-0.050771672,0.113854334
Building_2,-0.056610808,0.033773605,-0.041407272,0.09754104
Building_3,-0.06212011,0.03408517,-0.052097294,0.12054892
Building_4,-0.056302395,0.032653354,-0.038229108,0.09573221
Building_5,-0.05645225,0.03153346,-0.051325552,0.12874791
Building_6,-0.067826636,0.031151537,-0.06378501,0.13941373
