Building,RL_Avg_Reward,MetaRL_Avg_Reward,Difference,RL_Q_Std,MetaRL_Q_Std,Action_Difference,Reward_Std
Building_1,-0.8022194288766168,-0.7972753002886943,0.0049441285879224806,0.0285963,0.2958557,0.9113636363636364,0.10524109737800147
Building_2,-0.792781452443354,-0.7895601215959777,0.0032213308473763025,0.031296026,0.29326797,0.8959090909090909,0.14506322139134575
Building_3,-0.8163926520369843,-0.8082310629367865,0.00816158910019782,0.029544681,0.29742876,0.9072727272727272,0.12237955170299177
Building_4,-0.7794239297002437,-0.7898714217142826,-0.01044749201403894,0.030541753,0.2961853,0.9027272727272727,0.11080433670078595
Building_5,-0.6538525530152475,-0.6649591444937419,-0.011106591478494465,0.027619801,0.29076645,0.725,0.12609649543291301
Building_6,-0.854062291252014,-0.8343466331517414,0.01971565810027265,0.031150594,0.30348065,0.884090909090909,0.11547093869647164
