Building,RL_Q_Mean,RL_Q_Std,MetaRL_Q_Mean,MetaRL_Q_Std
Building_1,-0.24090736,0.0285963,-0.14996144,0.2958557
Building_2,-0.23963328,0.031296026,-0.1476811,0.29326797
Building_3,-0.23982333,0.029544681,-0.15050437,0.29742876
Building_4,-0.2446348,0.030541753,-0.14841561,0.2961853
Building_5,-0.22572103,0.027619801,-0.1456613,0.29076645
Building_6,-0.24123774,0.031150594,-0.15510044,0.30348065
