Method,Carbon_%,Cost_%,Peak_%,Ramping,Load_Factor,Avg_Peak,Annual_Peak,Net_Consumption
Meta-RL,3.536011589759438,4.670028287172045,4.6070780746124145,0.1066393815370623,0.9981315222570937,0.9720105586403056,0.9539292192538759,0.9631124427482244
Standard RL,-3.8781669116114577,-4.39818861374326,-2.303539037306223,0.011880400181900865,0.9959897737837455,1.0356897704348813,1.0230353903730622,1.0393307950685005
RBC,-8.783557771912463,-8.835090237635521,-4.607078074612428,0.0,0.9897119153008633,1.073853003340774,1.0460707807461243,1.0881758970513502
