Method,Carbon_%,Cost_%,Peak_%,Ramping,Load_Factor,Avg_Peak,Annual_Peak,Net_Consumption
Meta-RL,3.536011589759438,4.670028287172045,4.6070780746124145,0.1066393815370623,0.9981315222570937,0.9720105586403056,0.9539292192538759,0.9631124427482244
Standard RL,0.015641042804989756,0.05732682222231093,0.0,0.005798090040927694,1.000023722641414,0.9998412784205637,1.0,0.9998546374945688
RBC,-8.783557771912463,-8.835090237635521,-4.607078074612428,0.0,0.9897119153008633,1.073853003340774,1.0460707807461243,1.0881758970513502
