Ramping,1-Load-Factor,Average Peak Demand,Annual Peak Demand,Net Electricity Consumption
0.11044173040519611,0.8712588295921441,0.19201744771814666,1.7207408941123652,489.1386742621237
