Ramping,1-Load-Factor,Average Peak Demand,Annual Peak Demand,Net Electricity Consumption
0.08044975489506785,0.9265297100369523,0.19427176534371923,1.6590405339227796,269.1335375057654
