Ramping,1-Load-Factor,Average Peak Demand,Annual Peak Demand,Net Electricity Consumption
0.1181872631421666,0.8845494066238389,0.26688794028029345,1.694367902303638,431.9196416183962
