Ramping,1-Load-Factor,Average Peak Demand,Annual Peak Demand,Net Electricity Consumption
0.10668168448916786,0.9021970757634283,0.35379305687170104,1.954826261963466,422.1424963461973
