Ramping,1-Load-Factor,Average Peak Demand,Annual Peak Demand,Net Electricity Consumption
0.0984105688876814,0.8450331809727167,0.3478815210569687,1.5003997847806558,513.3868976720266
