Ramping,1-Load-Factor,Average Peak Demand,Annual Peak Demand,Net Electricity Consumption
0.11376440732557964,0.8787768559112089,0.3848015487242864,1.6557959072656903,443.19149515260335
